parameter_id,family,proposed_config_key,proposed_consumer,proposed_unit_class,proposed_unit_contract,proposed_profile_stage,proposed_profile_use,evidence_status,E0_reviewer_id,E0_disposition,E0_rationale,C0_reviewer_id,C0_disposition,C0_rationale,coordinator_id,resolved_at,E0_session_id,E0_base_commit,E0_evidence_locator,E0_replacement,C0_session_id,C0_base_commit,C0_evidence_locator,C0_replacement,coordinator_resolution,reviewed_at
ed.demandcasemix.arrivals,demand_case_mix,demand.arrivals,Proposed CareOps ED model/config; Kairos 22 CLI scenario configuration,rate_or_schedule,patients/hour or timestamped arrival schedule; select one representation per profile,MVP_candidate,"candidate input for deterministic/minimal, generic nominal, or surge profiles according to pathway applicability",identity_only_no_value_or_distribution_asserted,,,,,,,,,,,,,,,,,,
ed.demandcasemix.calendarprofile,demand_case_mix,demand.calendarprofile,Proposed CareOps ED model/config,schedule_or_interval,absolute instants carry explicit timezone; intervals use declared ED clock unit,MVP_candidate,"candidate input for deterministic/minimal, generic nominal, or surge profiles according to pathway applicability",identity_only_no_value_or_distribution_asserted,,,,,,,,,,,,,,,,,,
ed.demandcasemix.surgeprofile,demand_case_mix,demand.surgeprofile,Proposed CareOps ED model/config; Kairos 22 CLI scenario configuration,categorical_or_structured,no single scalar unit; every numeric leaf declares its unit and category coding,MVP_candidate,"candidate input for deterministic/minimal, generic nominal, or surge profiles according to pathway applicability",identity_only_no_value_or_distribution_asserted,,,,,,,,,,,,,,,,,,
ed.demandcasemix.arrivalmode,demand_case_mix,demand.arrivalmode,Proposed CareOps ED model/config; Kairos 03 Flow,categorical_or_structured,no single scalar unit; every numeric leaf declares its unit and category coding,MVP_candidate,"candidate input for deterministic/minimal, generic nominal, or surge profiles according to pathway applicability",identity_only_no_value_or_distribution_asserted,,,,,,,,,,,,,,,,,,
ed.demandcasemix.agemix,demand_case_mix,demand.agemix,Proposed CareOps ED model/config; Kairos 03 Flow,probability_or_conditional_table,"dimensionless values in [0,1], denominators/conditioning explicit",MVP_candidate,"candidate input for deterministic/minimal, generic nominal, or surge profiles according to pathway applicability",identity_only_no_value_or_distribution_asserted,,,,,,,,,,,,,,,,,,
ed.demandcasemix.casetypemix,demand_case_mix,demand.casetypemix,Proposed CareOps ED model/config; Kairos 03 Flow,probability_or_conditional_table,"dimensionless values in [0,1], denominators/conditioning explicit",MVP_candidate,"candidate input for deterministic/minimal, generic nominal, or surge profiles according to pathway applicability",identity_only_no_value_or_distribution_asserted,,,,,,,,,,,,,,,,,,
ed.demandcasemix.acuitymix,demand_case_mix,demand.acuitymix,Proposed CareOps ED model/config; Kairos 03 Flow,probability_or_conditional_table,"dimensionless values in [0,1], denominators/conditioning explicit",MVP_candidate,"candidate input for deterministic/minimal, generic nominal, or surge profiles according to pathway applicability",identity_only_no_value_or_distribution_asserted,,,,,,,,,,,,,,,,,,
ed.demandcasemix.jointcasemix,demand_case_mix,demand.jointcasemix,Proposed CareOps ED model/config; Kairos 03 Flow,probability_or_conditional_table,"dimensionless values in [0,1], denominators/conditioning explicit",MVP_candidate,"candidate input for deterministic/minimal, generic nominal, or surge profiles according to pathway applicability",identity_only_no_value_or_distribution_asserted,,,,,,,,,,,,,,,,,,
ed.demandcasemix.referrals,demand_case_mix,demand.referrals,Proposed CareOps ED model/config; Kairos 03 Flow,categorical_or_probability_table,category labels and conditional proportions with explicit denominator; count-valued input declares patient count,MVP_candidate,"candidate input for deterministic/minimal, generic nominal, or surge profiles according to pathway applicability",identity_only_no_value_or_distribution_asserted,,,,,,,,,,,,,,,,,,
ed.demandcasemix.transfers,demand_case_mix,demand.transfers,Proposed CareOps ED model/config; Kairos 03 Flow,categorical_or_probability_table,category labels and conditional proportions with explicit denominator; count-valued input declares patient count,MVP_candidate,"candidate input for deterministic/minimal, generic nominal, or surge profiles according to pathway applicability",identity_only_no_value_or_distribution_asserted,,,,,,,,,,,,,,,,,,
ed.demandcasemix.repeatpresentations,demand_case_mix,demand.repeatpresentations,Proposed CareOps ED model/config; Kairos 03 Flow,categorical_or_probability_table,category labels and conditional proportions with explicit denominator; count-valued input declares patient count,MVP_candidate,"candidate input for deterministic/minimal, generic nominal, or surge profiles according to pathway applicability",identity_only_no_value_or_distribution_asserted,,,,,,,,,,,,,,,,,,
ed.despathways.registration,des_pathways,pathways.registration,Proposed CareOps ED model/config; Kairos 03 Flow,categorical_or_structured,pathway state/transition data; numeric durations/probabilities appear as typed leaves,MVP_candidate,"candidate input for deterministic/minimal, generic nominal, or surge profiles according to pathway applicability",identity_only_no_value_or_distribution_asserted,,,,,,,,,,,,,,,,,,
ed.despathways.triage,des_pathways,pathways.triage,Proposed CareOps ED model/config; Kairos 03 Flow,categorical_or_structured,pathway state/transition data; numeric durations/probabilities appear as typed leaves,MVP_candidate,"candidate input for deterministic/minimal, generic nominal, or surge profiles according to pathway applicability",identity_only_no_value_or_distribution_asserted,,,,,,,,,,,,,,,,,,
ed.despathways.assessment,des_pathways,pathways.assessment,Proposed CareOps ED model/config; Kairos 03 Flow,categorical_or_structured,pathway state/transition data; numeric durations/probabilities appear as typed leaves,MVP_candidate,"candidate input for deterministic/minimal, generic nominal, or surge profiles according to pathway applicability",identity_only_no_value_or_distribution_asserted,,,,,,,,,,,,,,,,,,
ed.despathways.diagnostics,des_pathways,pathways.diagnostics,Proposed CareOps ED model/config; Kairos 03 Flow,categorical_or_structured,pathway state/transition data; numeric durations/probabilities appear as typed leaves,MVP_candidate,"candidate input for deterministic/minimal, generic nominal, or surge profiles according to pathway applicability",identity_only_no_value_or_distribution_asserted,,,,,,,,,,,,,,,,,,
ed.despathways.treatment,des_pathways,pathways.treatment,Proposed CareOps ED model/config; Kairos 03 Flow,categorical_or_structured,pathway state/transition data; numeric durations/probabilities appear as typed leaves,MVP_candidate,"candidate input for deterministic/minimal, generic nominal, or surge profiles according to pathway applicability",identity_only_no_value_or_distribution_asserted,,,,,,,,,,,,,,,,,,
ed.despathways.observation,des_pathways,pathways.observation,Proposed CareOps ED model/config; Kairos 03 Flow,categorical_or_structured,pathway state/transition data; numeric durations/probabilities appear as typed leaves,MVP_candidate,"candidate input for deterministic/minimal, generic nominal, or surge profiles according to pathway applicability",identity_only_no_value_or_distribution_asserted,,,,,,,,,,,,,,,,,,
ed.despathways.reassessment,des_pathways,pathways.reassessment,Proposed CareOps ED model/config; Kairos 03 Flow,categorical_or_structured,no single scalar unit; every numeric leaf declares its unit and category coding,MVP_candidate,"candidate input for deterministic/minimal, generic nominal, or surge profiles according to pathway applicability",identity_only_no_value_or_distribution_asserted,,,,,,,,,,,,,,,,,,
ed.despathways.consult,des_pathways,pathways.consult,Proposed CareOps ED model/config; Kairos 03 Flow,categorical_or_structured,pathway state/transition data; numeric durations/probabilities appear as typed leaves,MVP_candidate,"candidate input for deterministic/minimal, generic nominal, or surge profiles according to pathway applicability",identity_only_no_value_or_distribution_asserted,,,,,,,,,,,,,,,,,,
ed.despathways.discharge,des_pathways,pathways.discharge,Proposed CareOps ED model/config; Kairos 03 Flow,categorical_or_structured,pathway state/transition data; numeric durations/probabilities appear as typed leaves,MVP_candidate,"candidate input for deterministic/minimal, generic nominal, or surge profiles according to pathway applicability",identity_only_no_value_or_distribution_asserted,,,,,,,,,,,,,,,,,,
ed.despathways.admission,des_pathways,pathways.admission,Proposed CareOps ED model/config; Kairos 03 Flow,categorical_or_structured,pathway state/transition data; numeric durations/probabilities appear as typed leaves,MVP_candidate,"candidate input for deterministic/minimal, generic nominal, or surge profiles according to pathway applicability",identity_only_no_value_or_distribution_asserted,,,,,,,,,,,,,,,,,,
ed.despathways.transfer,des_pathways,pathways.transfer,Proposed CareOps ED model/config; Kairos 03 Flow,categorical_or_structured,pathway state/transition data; numeric durations/probabilities appear as typed leaves,MVP_candidate,"candidate input for deterministic/minimal, generic nominal, or surge profiles according to pathway applicability",identity_only_no_value_or_distribution_asserted,,,,,,,,,,,,,,,,,,
ed.despathways.abandonment,des_pathways,pathways.abandonment,Proposed CareOps ED model/config; Kairos 03 Flow,probability_or_conditional_table,"dimensionless values in [0,1], denominators/conditioning explicit",MVP_candidate,"candidate input for deterministic/minimal, generic nominal, or surge profiles according to pathway applicability",identity_only_no_value_or_distribution_asserted,,,,,,,,,,,,,,,,,,
ed.despathways.routingprobability,des_pathways,pathways.routingprobability,Proposed CareOps ED model/config; Kairos 03 Flow,probability_or_conditional_table,"dimensionless values in [0,1], denominators/conditioning explicit",MVP_candidate,"candidate input for deterministic/minimal, generic nominal, or surge profiles according to pathway applicability",identity_only_no_value_or_distribution_asserted,,,,,,,,,,,,,,,,,,
ed.despathways.repeatloops,des_pathways,pathways.repeatloops,Proposed CareOps ED model/config; Kairos 03 Flow,categorical_or_structured,no single scalar unit; every numeric leaf declares its unit and category coding,MVP_candidate,"candidate input for deterministic/minimal, generic nominal, or surge profiles according to pathway applicability",identity_only_no_value_or_distribution_asserted,,,,,,,,,,,,,,,,,,
ed.despathways.priorities,des_pathways,pathways.priorities,Proposed CareOps ED model/config; Kairos 03 Flow,categorical_or_structured,no single scalar unit; every numeric leaf declares its unit and category coding,MVP_candidate,"candidate input for deterministic/minimal, generic nominal, or surge profiles according to pathway applicability",identity_only_no_value_or_distribution_asserted,,,,,,,,,,,,,,,,,,
ed.despathways.deadlines,des_pathways,pathways.deadlines,Proposed CareOps ED model/config; Kairos 03 Flow,time,s canonical input; convert from explicit source/config unit to ED clock ticks,MVP_candidate,"candidate input for deterministic/minimal, generic nominal, or surge profiles according to pathway applicability",identity_only_no_value_or_distribution_asserted,,,,,,,,,,,,,,,,,,
ed.despathways.preemption,des_pathways,pathways.preemption,Proposed CareOps ED model/config; Kairos 03 Flow,categorical_or_structured,no single scalar unit; every numeric leaf declares its unit and category coding,MVP_candidate,"candidate input for deterministic/minimal, generic nominal, or surge profiles according to pathway applicability",identity_only_no_value_or_distribution_asserted,,,,,,,,,,,,,,,,,,
ed.durations.intrinsicwork,durations,durations.intrinsicwork,Proposed CareOps ED model/config; Kairos 03 Flow,time,s canonical input; convert to integer ED SimTime ticks,MVP_candidate,"candidate input for deterministic/minimal, generic nominal, or surge profiles according to pathway applicability",identity_only_no_value_or_distribution_asserted,,,,,,,,,,,,,,,,,,
ed.durations.setup,durations,durations.setup,Proposed CareOps ED model/config; Kairos 03 Flow,time,s canonical input; convert to integer ED SimTime ticks,MVP_candidate,"candidate input for deterministic/minimal, generic nominal, or surge profiles according to pathway applicability",identity_only_no_value_or_distribution_asserted,,,,,,,,,,,,,,,,,,
ed.durations.turnaround,durations,durations.turnaround,Proposed CareOps ED model/config; Kairos 03 Flow,time,s canonical input; convert to integer ED SimTime ticks,MVP_candidate,"candidate input for deterministic/minimal, generic nominal, or surge profiles according to pathway applicability",identity_only_no_value_or_distribution_asserted,,,,,,,,,,,,,,,,,,
ed.durations.reportreviewdelay,durations,durations.reportreviewdelay,Proposed CareOps ED model/config; Kairos 03 Flow,time,s canonical input; convert from explicit source/config unit to ED clock ticks,MVP_candidate,"candidate input for deterministic/minimal, generic nominal, or surge profiles according to pathway applicability",identity_only_no_value_or_distribution_asserted,,,,,,,,,,,,,,,,,,
ed.durations.cleaning,durations,durations.cleaning,Proposed CareOps ED model/config; Kairos 03 Flow,time,s canonical input; convert to integer ED SimTime ticks,MVP_candidate,"candidate input for deterministic/minimal, generic nominal, or surge profiles according to pathway applicability",identity_only_no_value_or_distribution_asserted,,,,,,,,,,,,,,,,,,
ed.durations.handover,durations,durations.handover,Proposed CareOps ED model/config; Kairos 03 Flow,time,s canonical input; convert to integer ED SimTime ticks,MVP_candidate,"candidate input for deterministic/minimal, generic nominal, or surge profiles according to pathway applicability",identity_only_no_value_or_distribution_asserted,,,,,,,,,,,,,,,,,,
ed.durations.disposition,durations,durations.disposition,Proposed CareOps ED model/config; Kairos 03 Flow,time,s canonical input; convert to integer ED SimTime ticks,MVP_candidate,"candidate input for deterministic/minimal, generic nominal, or surge profiles according to pathway applicability",identity_only_no_value_or_distribution_asserted,,,,,,,,,,,,,,,,,,
ed.durations.boarding,durations,durations.boarding,Proposed CareOps ED model/config; Kairos 03 Flow,time,s canonical input; convert to integer ED SimTime ticks,MVP_candidate,"candidate input for deterministic/minimal, generic nominal, or surge profiles according to pathway applicability",identity_only_no_value_or_distribution_asserted,,,,,,,,,,,,,,,,,,
ed.durations.transit,durations,durations.transit,Proposed CareOps ED model/config; Kairos 03 Flow,time,s canonical input; convert to integer ED SimTime ticks,MVP_candidate,"candidate input for deterministic/minimal, generic nominal, or surge profiles according to pathway applicability",identity_only_no_value_or_distribution_asserted,,,,,,,,,,,,,,,,,,
ed.resources.staffroles,resources,resources.staffroles,Proposed CareOps ED model/config; Kairos 03 Flow,categorical_or_structured,no single scalar unit; every numeric leaf declares its unit and category coding,MVP_candidate,"candidate input for deterministic/minimal, generic nominal, or surge profiles according to pathway applicability",identity_only_no_value_or_distribution_asserted,,,,,,,,,,,,,,,,,,
ed.resources.staffcounts,resources,resources.staffcounts,Proposed CareOps ED model/config; Kairos 03 Flow,count_or_capacity,non-negative integer count; resource identity and availability are separate,MVP_candidate,"candidate input for deterministic/minimal, generic nominal, or surge profiles according to pathway applicability",identity_only_no_value_or_distribution_asserted,,,,,,,,,,,,,,,,,,
ed.resources.rosters,resources,resources.rosters,Proposed CareOps ED model/config; Kairos 03 Flow,schedule_or_interval,absolute instants carry explicit timezone; intervals use declared ED clock unit,MVP_candidate,"candidate input for deterministic/minimal, generic nominal, or surge profiles according to pathway applicability",identity_only_no_value_or_distribution_asserted,,,,,,,,,,,,,,,,,,
ed.resources.breaks,resources,resources.breaks,Proposed CareOps ED model/config; Kairos 03 Flow,schedule_or_interval,absolute instants carry explicit timezone; intervals use declared ED clock unit,MVP_candidate,"candidate input for deterministic/minimal, generic nominal, or surge profiles according to pathway applicability",identity_only_no_value_or_distribution_asserted,,,,,,,,,,,,,,,,,,
ed.resources.absenceovertime,resources,resources.absenceovertime,Proposed CareOps ED model/config; Kairos 03 Flow,schedule_or_capacity_delta,"staff count and effective time intervals, with explicit local timezone",MVP_candidate,"candidate input for deterministic/minimal, generic nominal, or surge profiles according to pathway applicability",identity_only_no_value_or_distribution_asserted,,,,,,,,,,,,,,,,,,
ed.resources.supervision,resources,resources.supervision,Proposed CareOps ED model/config; Kairos 03 Flow,count_or_capacity,non-negative integer count; resource identity and availability are separate,MVP_candidate,"candidate input for deterministic/minimal, generic nominal, or surge profiles according to pathway applicability",identity_only_no_value_or_distribution_asserted,,,,,,,,,,,,,,,,,,
ed.resources.taskconcurrency,resources,resources.taskconcurrency,Proposed CareOps ED model/config; Kairos 03 Flow,count_or_capacity,non-negative integer count; resource identity and availability are separate,MVP_candidate,"candidate input for deterministic/minimal, generic nominal, or surge profiles according to pathway applicability",identity_only_no_value_or_distribution_asserted,,,,,,,,,,,,,,,,,,
ed.resources.beds,resources,resources.beds,Proposed CareOps ED model/config; Kairos 03 Flow,count_or_capacity,non-negative integer count; resource identity and availability are separate,MVP_candidate,"candidate input for deterministic/minimal, generic nominal, or surge profiles according to pathway applicability",identity_only_no_value_or_distribution_asserted,,,,,,,,,,,,,,,,,,
ed.resources.rooms,resources,resources.rooms,Proposed CareOps ED model/config; Kairos 03 Flow,count_or_capacity,non-negative integer count; resource identity and availability are separate,MVP_candidate,"candidate input for deterministic/minimal, generic nominal, or surge profiles according to pathway applicability",identity_only_no_value_or_distribution_asserted,,,,,,,,,,,,,,,,,,
ed.resources.equipment,resources,resources.equipment,Proposed CareOps ED model/config; Kairos 03 Flow,count_or_capacity,non-negative integer count; resource identity and availability are separate,MVP_candidate,"candidate input for deterministic/minimal, generic nominal, or surge profiles according to pathway applicability",identity_only_no_value_or_distribution_asserted,,,,,,,,,,,,,,,,,,
ed.resources.opencalendars,resources,resources.opencalendars,Proposed CareOps ED model/config; Kairos 03 Flow,schedule_or_interval,absolute instants carry explicit timezone; intervals use declared ED clock unit,MVP_candidate,"candidate input for deterministic/minimal, generic nominal, or surge profiles according to pathway applicability",identity_only_no_value_or_distribution_asserted,,,,,,,,,,,,,,,,,,
ed.resources.outages,resources,resources.outages,Proposed CareOps ED model/config; Kairos 03 Flow,schedule_or_interval,absolute instants carry explicit timezone; intervals use declared ED clock unit,MVP_candidate,"candidate input for deterministic/minimal, generic nominal, or surge profiles according to pathway applicability",identity_only_no_value_or_distribution_asserted,,,,,,,,,,,,,,,,,,
ed.resources.reservations,resources,resources.reservations,Proposed CareOps ED model/config; Kairos 03 Flow,schedule_or_interval,absolute instants carry explicit timezone; intervals use declared ED clock unit,MVP_candidate,"candidate input for deterministic/minimal, generic nominal, or surge profiles according to pathway applicability",identity_only_no_value_or_distribution_asserted,,,,,,,,,,,,,,,,,,
ed.resources.cleaningcapacity,resources,resources.cleaningcapacity,Proposed CareOps ED model/config; Kairos 03 Flow,count_or_capacity,non-negative integer count; resource identity and availability are separate,MVP_candidate,"candidate input for deterministic/minimal, generic nominal, or surge profiles according to pathway applicability",identity_only_no_value_or_distribution_asserted,,,,,,,,,,,,,,,,,,
ed.abmstaffbehavior.agentattributes,abm_staff_behavior,staff_behavior.agentattributes,Proposed CareOps ED model/config; Kairos 03 Flow,categorical_or_structured,no single scalar unit; every numeric leaf declares its unit and category coding,MVP_candidate,"candidate input for deterministic/minimal, generic nominal, or surge profiles according to pathway applicability",identity_only_no_value_or_distribution_asserted,,,,,,,,,,,,,,,,,,
ed.abmstaffbehavior.assignment,abm_staff_behavior,staff_behavior.assignment,Proposed CareOps ED model/config; Kairos 03 Flow,categorical_or_structured,no single scalar unit; every numeric leaf declares its unit and category coding,MVP_candidate,"candidate input for deterministic/minimal, generic nominal, or surge profiles according to pathway applicability",identity_only_no_value_or_distribution_asserted,,,,,,,,,,,,,,,,,,
ed.abmstaffbehavior.zoneskilleligibility,abm_staff_behavior,staff_behavior.zoneskilleligibility,Proposed CareOps ED model/config; Kairos 03 Flow,categorical_or_structured,no single scalar unit; every numeric leaf declares its unit and category coding,MVP_candidate,"candidate input for deterministic/minimal, generic nominal, or surge profiles according to pathway applicability",identity_only_no_value_or_distribution_asserted,,,,,,,,,,,,,,,,,,
ed.abmstaffbehavior.taskchoice,abm_staff_behavior,staff_behavior.taskchoice,Proposed CareOps ED model/config; Kairos 03 Flow,categorical_or_structured,no single scalar unit; every numeric leaf declares its unit and category coding,MVP_candidate,"candidate input for deterministic/minimal, generic nominal, or surge profiles according to pathway applicability",identity_only_no_value_or_distribution_asserted,,,,,,,,,,,,,,,,,,
ed.abmstaffbehavior.reassessment,abm_staff_behavior,staff_behavior.reassessment,Proposed CareOps ED model/config; Kairos 03 Flow,categorical_or_structured,no single scalar unit; every numeric leaf declares its unit and category coding,MVP_candidate,"candidate input for deterministic/minimal, generic nominal, or surge profiles according to pathway applicability",identity_only_no_value_or_distribution_asserted,,,,,,,,,,,,,,,,,,
ed.abmstaffbehavior.urgencyfifo,abm_staff_behavior,staff_behavior.urgencyfifo,Proposed CareOps ED model/config; Kairos 03 Flow,ordinal_policy,stable priority ordering and FIFO tie-break; no physical unit,MVP_candidate,"candidate input for deterministic/minimal, generic nominal, or surge profiles according to pathway applicability",identity_only_no_value_or_distribution_asserted,,,,,,,,,,,,,,,,,,
ed.abmstaffbehavior.communicationhandover,abm_staff_behavior,staff_behavior.communicationhandover,Proposed CareOps ED model/config; Kairos 03 Flow,categorical_or_structured,no single scalar unit; every numeric leaf declares its unit and category coding,MVP_candidate,"candidate input for deterministic/minimal, generic nominal, or surge profiles according to pathway applicability",identity_only_no_value_or_distribution_asserted,,,,,,,,,,,,,,,,,,
ed.abmstaffbehavior.interruptionresumption,abm_staff_behavior,staff_behavior.interruptionresumption,Proposed CareOps ED model/config; Kairos 03 Flow,categorical_or_structured,agent rule/attribute record; numeric leaves declare their unit,MVP_candidate,"candidate input for deterministic/minimal, generic nominal, or surge profiles according to pathway applicability",identity_only_no_value_or_distribution_asserted,,,,,,,,,,,,,,,,,,
ed.abmstaffbehavior.switchingoverhead,abm_staff_behavior,staff_behavior.switchingoverhead,Proposed CareOps ED model/config; Kairos 03 Flow,time,s canonical input; convert from explicit source/config unit to ED clock ticks,MVP_candidate,"candidate input for deterministic/minimal, generic nominal, or surge profiles according to pathway applicability",identity_only_no_value_or_distribution_asserted,,,,,,,,,,,,,,,,,,
ed.spatialabm.graphtopology,spatial_abm,spatial.graphtopology,Proposed CareOps ED model/config; Kairos 03 Flow,categorical_or_structured,no single scalar unit; every numeric leaf declares its unit and category coding,MVP_optional_spatial,synthetic named locations/routes may be used; geometry import and visualization excluded,identity_only_no_value_or_distribution_asserted,,,,,,,,,,,,,,,,,,
ed.spatialabm.scaledistance,spatial_abm,spatial.scaledistance,Proposed CareOps ED model/config; Kairos 03 Flow,distance,m,MVP_optional_spatial,synthetic named locations/routes may be used; geometry import and visualization excluded,identity_only_no_value_or_distribution_asserted,,,,,,,,,,,,,,,,,,
ed.spatialabm.locations,spatial_abm,spatial.locations,Proposed CareOps ED model/config; Kairos 03 Flow,categorical_or_structured,no single scalar unit; every numeric leaf declares its unit and category coding,MVP_optional_spatial,synthetic named locations/routes may be used; geometry import and visualization excluded,identity_only_no_value_or_distribution_asserted,,,,,,,,,,,,,,,,,,
ed.spatialabm.routesconnectivity,spatial_abm,spatial.routesconnectivity,Proposed CareOps ED model/config; Kairos 03 Flow,categorical_or_structured,no single scalar unit; every numeric leaf declares its unit and category coding,MVP_optional_spatial,synthetic named locations/routes may be used; geometry import and visualization excluded,identity_only_no_value_or_distribution_asserted,,,,,,,,,,,,,,,,,,
ed.spatialabm.walkingspeedvariation,spatial_abm,spatial.walkingspeedvariation,Proposed CareOps ED model/config; Kairos 03 Flow,speed,m/s,MVP_optional_spatial,synthetic named locations/routes may be used; geometry import and visualization excluded,identity_only_no_value_or_distribution_asserted,,,,,,,,,,,,,,,,,,
ed.spatialabm.equipmentsupplytrips,spatial_abm,spatial.equipmentsupplytrips,Proposed CareOps ED model/config; Kairos 03 Flow,count_or_capacity,non-negative integer count; resource identity and availability are separate,MVP_optional_spatial,synthetic named locations/routes may be used; geometry import and visualization excluded,identity_only_no_value_or_distribution_asserted,,,,,,,,,,,,,,,,,,
ed.spatialabm.routechoice,spatial_abm,spatial.routechoice,Proposed CareOps ED model/config; Kairos 03 Flow,categorical_or_structured,no single scalar unit; every numeric leaf declares its unit and category coding,MVP_optional_spatial,synthetic named locations/routes may be used; geometry import and visualization excluded,identity_only_no_value_or_distribution_asserted,,,,,,,,,,,,,,,,,,
ed.spatialabm.travelinterruptions,spatial_abm,spatial.travelinterruptions,Proposed CareOps ED model/config; Kairos 03 Flow,categorical_or_structured,"route/movement rule; distance uses m, speed m/s, time s in explicit fields",MVP_optional_spatial,synthetic named locations/routes may be used; geometry import and visualization excluded,identity_only_no_value_or_distribution_asserted,,,,,,,,,,,,,,,,,,
ed.spatialabm.congestion,spatial_abm,spatial.congestion,Future spatial fidelity owner; consumer not applicable until that scope is approved,categorical_or_structured,no single scalar unit; every numeric leaf declares its unit and category coding,deferred_or_post_v1,excluded unless a separately reviewed extension enables it,identity_only_no_value_or_distribution_asserted,,,,,,,,,,,,,,,,,,
ed.patientbehavior.patience,patient_behavior,patient_behavior.patience,Proposed CareOps ED model/config; Kairos 03 Flow,time,s canonical input; convert from explicit source/config unit to ED clock ticks,MVP_candidate,"candidate input for deterministic/minimal, generic nominal, or surge profiles according to pathway applicability",identity_only_no_value_or_distribution_asserted,,,,,,,,,,,,,,,,,,
ed.patientbehavior.abandonment,patient_behavior,patient_behavior.abandonment,Proposed CareOps ED model/config; Kairos 03 Flow,probability_or_conditional_table,"dimensionless values in [0,1], denominators/conditioning explicit",MVP_candidate,"candidate input for deterministic/minimal, generic nominal, or surge profiles according to pathway applicability",identity_only_no_value_or_distribution_asserted,,,,,,,,,,,,,,,,,,
ed.patientbehavior.mobilityassistance,patient_behavior,patient_behavior.mobilityassistance,Proposed CareOps ED model/config; Kairos 03 Flow,categorical_or_structured,"patient attribute/rule; age, count, probability or time leaves carry explicit units",MVP_candidate,"candidate input for deterministic/minimal, generic nominal, or surge profiles according to pathway applicability",identity_only_no_value_or_distribution_asserted,,,,,,,,,,,,,,,,,,
ed.patientbehavior.routingcompliance,patient_behavior,patient_behavior.routingcompliance,Proposed CareOps ED model/config; Kairos 03 Flow,probability_or_conditional_table,"dimensionless values in [0,1], denominators/conditioning explicit",MVP_candidate,"candidate input for deterministic/minimal, generic nominal, or surge profiles according to pathway applicability",identity_only_no_value_or_distribution_asserted,,,,,,,,,,,,,,,,,,
ed.patientbehavior.companions,patient_behavior,patient_behavior.companions,Future patient-behavior owner; consumer not applicable until relevance is established,categorical_or_structured,"patient attribute/rule; age, count, probability or time leaves carry explicit units",deferred_or_post_v1,excluded unless a separately reviewed extension enables it,identity_only_no_value_or_distribution_asserted,,,,,,,,,,,,,,,,,,
ed.hospitalinterfaces.admissiondemand,hospital_interfaces,hospital_boundary.admissiondemand,Proposed CareOps ED model/config; Kairos 03 Flow boundary,count_schedule_or_policy,finite capacity/offer/transport/diagnostic boundary record; numeric leaves carry explicit units,MVP_boundary_minimum,finite ED-eligible bed offers only where required by admission/boarding fixture; broader hospital mechanisms excluded,identity_only_no_value_or_distribution_asserted,,,,,,,,,,,,,,,,,,
ed.hospitalinterfaces.inpatientbedavailability,hospital_interfaces,hospital_boundary.inpatientbedavailability,Proposed CareOps ED model/config; Kairos 03 Flow boundary,categorical_or_structured,no single scalar unit; every numeric leaf declares its unit and category coding,MVP_boundary_minimum,finite ED-eligible bed offers only where required by admission/boarding fixture; broader hospital mechanisms excluded,identity_only_no_value_or_distribution_asserted,,,,,,,,,,,,,,,,,,
ed.hospitalinterfaces.transfertransport,hospital_interfaces,hospital_boundary.transfertransport,Proposed CareOps ED model/config; Kairos 03 Flow boundary,categorical_or_structured,no single scalar unit; every numeric leaf declares its unit and category coding,MVP_boundary_minimum,finite ED-eligible bed offers only where required by admission/boarding fixture; broader hospital mechanisms excluded,identity_only_no_value_or_distribution_asserted,,,,,,,,,,,,,,,,,,
ed.hospitalinterfaces.diagnosticdependencies,hospital_interfaces,hospital_boundary.diagnosticdependencies,Proposed CareOps ED model/config; Kairos 03 Flow boundary,categorical_or_structured,no single scalar unit; every numeric leaf declares its unit and category coding,MVP_boundary_minimum,finite ED-eligible bed offers only where required by admission/boarding fixture; broader hospital mechanisms excluded,identity_only_no_value_or_distribution_asserted,,,,,,,,,,,,,,,,,,
ed.hospitalinterfaces.wholehospitalmechanisms,hospital_interfaces,hospital_boundary.wholehospitalmechanisms,Future hospital-domain owner; consumer not applicable to generic ED MVP,categorical_or_structured,no single scalar unit; every numeric leaf declares its unit and category coding,deferred_or_post_v1,excluded unless a separately reviewed extension enables it,identity_only_no_value_or_distribution_asserted,,,,,,,,,,,,,,,,,,
ed.optionalcomplexity.fatigue,optional_complexity,extensions.fatigue,Future CareOps ED ABM profile; no current Kairos consumer,categorical_or_structured,no single scalar unit; every numeric leaf declares its unit and category coding,deferred_or_post_v1,excluded unless a separately reviewed extension enables it,identity_only_no_value_or_distribution_asserted,,,,,,,,,,,,,,,,,,
ed.optionalcomplexity.learning,optional_complexity,extensions.learning,Future CareOps ED ABM profile; no current Kairos consumer,categorical_or_structured,no single scalar unit; every numeric leaf declares its unit and category coding,deferred_or_post_v1,excluded unless a separately reviewed extension enables it,identity_only_no_value_or_distribution_asserted,,,,,,,,,,,,,,,,,,
ed.optionalcomplexity.crowdingfeedback,optional_complexity,extensions.crowdingfeedback,Future CareOps ED model profile; Kairos 03 Flow only after scoped acceptance,structured_extension,deferred extension schema; numeric leaves carry explicit units if enabled,deferred_or_post_v1,excluded unless a separately reviewed extension enables it,identity_only_no_value_or_distribution_asserted,,,,,,,,,,,,,,,,,,
ed.optionalcomplexity.detailedphysiology,optional_complexity,extensions.detailedphysiology,Future CareOps ED model profile; no current Kairos consumer,categorical_or_structured,no single scalar unit; every numeric leaf declares its unit and category coding,deferred_or_post_v1,excluded unless a separately reviewed extension enables it,identity_only_no_value_or_distribution_asserted,,,,,,,,,,,,,,,,,,
ed.experimentcontrols.initialization,experiment_controls,experiment.initialization,Proposed CareOps ED model/config; Kairos 22 CLI,categorical_or_structured,initial occupancy/state record; each numeric leaf declares its own unit and coding,MVP_candidate,"candidate input for deterministic/minimal, generic nominal, or surge profiles according to pathway applicability",identity_only_no_value_or_distribution_asserted,,,,,,,,,,,,,,,,,,
ed.experimentcontrols.ongoingworkages,experiment_controls,experiment.ongoingworkages,Proposed CareOps ED model/config; Kairos 22 CLI,time,s canonical input; convert from explicit source/config unit to ED clock ticks,MVP_candidate,"candidate input for deterministic/minimal, generic nominal, or surge profiles according to pathway applicability",identity_only_no_value_or_distribution_asserted,,,,,,,,,,,,,,,,,,
ed.experimentcontrols.warmup,experiment_controls,experiment.warmup,Proposed Kairos 22 CLI; Kairos 21 calibration,time,s canonical input; convert from explicit source/config unit to ED clock ticks,hardened_v1,calibration/validation/experiment profiles; not required for functional MVP,identity_only_no_value_or_distribution_asserted,,,,,,,,,,,,,,,,,,
ed.experimentcontrols.horizon,experiment_controls,experiment.horizon,Proposed Kairos 22 CLI,time,s canonical input; convert from explicit source/config unit to ED clock ticks,MVP_candidate,"candidate input for deterministic/minimal, generic nominal, or surge profiles according to pathway applicability",identity_only_no_value_or_distribution_asserted,,,,,,,,,,,,,,,,,,
ed.experimentcontrols.replications,experiment_controls,experiment.replications,Proposed Kairos 22 CLI; Kairos 21 calibration,count_or_capacity,non-negative integer count; resource identity and availability are separate,hardened_v1,calibration/validation/experiment profiles; not required for functional MVP,identity_only_no_value_or_distribution_asserted,,,,,,,,,,,,,,,,,,
ed.experimentcontrols.seedstreams,experiment_controls,experiment.seedstreams,Proposed Kairos 01 seed/order contract; Kairos 22 CLI experiment orchestration,seed_identity,unsigned integer seed plus named purpose; exact width owned by Kairos 01,hardened_v1,calibration/validation/experiment profiles; not required for functional MVP,identity_only_no_value_or_distribution_asserted,,,,,,,,,,,,,,,,,,
ed.experimentcontrols.timeunits,experiment_controls,experiment.timeunits,Proposed CareOps ED model/config; Kairos 22 CLI,time,s canonical input; convert from explicit source/config unit to ED clock ticks,MVP_candidate,"candidate input for deterministic/minimal, generic nominal, or surge profiles according to pathway applicability",identity_only_no_value_or_distribution_asserted,,,,,,,,,,,,,,,,,,
ed.experimentcontrols.modeoverrides,experiment_controls,experiment.modeoverrides,Proposed CareOps ED model/config; Kairos 22 CLI,categorical_or_structured,no single scalar unit; every numeric leaf declares its unit and category coding,MVP_candidate,"candidate input for deterministic/minimal, generic nominal, or surge profiles according to pathway applicability",identity_only_no_value_or_distribution_asserted,,,,,,,,,,,,,,,,,,
ed.experimentcontrols.observationcensoringwindows,experiment_controls,experiment.observationcensoringwindows,Proposed Kairos 22 CLI; Kairos 21 calibration,schedule_or_interval,observation and censoring windows use declared time units; preserve event and censoring semantics,hardened_v1,calibration/validation/experiment profiles; not required for functional MVP,identity_only_no_value_or_distribution_asserted,,,,,,,,,,,,,,,,,,
ed.experimentcontrols.calibrationbounds,experiment_controls,experiment.calibrationbounds,Proposed Kairos 21 calibration,categorical_or_structured,no single scalar unit; every numeric leaf declares its unit and category coding,hardened_v1,calibration/validation/experiment profiles; not required for functional MVP,identity_only_no_value_or_distribution_asserted,,,,,,,,,,,,,,,,,,
ed.measurementmapping.observedelapsedinterval,measurement_mapping,observations.observedelapsedinterval,Proposed Kairos 04 Arrow trace mapping; Kairos 21 calibration,time,s canonical input; preserve original precision and source-unit provenance,hardened_v1,calibration/validation/experiment profiles; not required for functional MVP,identity_only_no_value_or_distribution_asserted,,,,,,,,,,,,,,,,,,
ed.measurementmapping.queuedelay,measurement_mapping,observations.queuedelay,Proposed Kairos 04 Arrow trace mapping; Kairos 21 calibration,time,s canonical input; convert from explicit source/config unit to ED clock ticks,hardened_v1,calibration/validation/experiment profiles; not required for functional MVP,identity_only_no_value_or_distribution_asserted,,,,,,,,,,,,,,,,,,
ed.measurementmapping.eventdefinitions,measurement_mapping,observations.eventdefinitions,Proposed Kairos 04 Arrow trace mapping; Kairos 21 calibration,categorical_or_structured,no single scalar unit; every numeric leaf declares its unit and category coding,hardened_v1,calibration/validation/experiment profiles; not required for functional MVP,identity_only_no_value_or_distribution_asserted,,,,,,,,,,,,,,,,,,
ed.measurementmapping.inclusioncriteria,measurement_mapping,observations.inclusioncriteria,Proposed Kairos 04 Arrow trace mapping; Kairos 21 calibration,categorical_or_structured,no single scalar unit; every numeric leaf declares its unit and category coding,hardened_v1,calibration/validation/experiment profiles; not required for functional MVP,identity_only_no_value_or_distribution_asserted,,,,,,,,,,,,,,,,,,
ed.measurementmapping.metricdenominators,measurement_mapping,observations.metricdenominators,Proposed Kairos 21 calibration; Kairos 22 CLI reporting,categorical_or_structured,no single scalar unit; every numeric leaf declares its unit and category coding,hardened_v1,calibration/validation/experiment profiles; not required for functional MVP,identity_only_no_value_or_distribution_asserted,,,,,,,,,,,,,,,,,,
ed.measurementmapping.timestampprecisiondelay,measurement_mapping,observations.timestampprecisiondelay,Proposed Kairos 04 Arrow trace mapping; Kairos 21 calibration,time,s canonical input; convert from explicit source/config unit to ED clock ticks,hardened_v1,calibration/validation/experiment profiles; not required for functional MVP,identity_only_no_value_or_distribution_asserted,,,,,,,,,,,,,,,,,,
ed.measurementmapping.missingness,measurement_mapping,observations.missingness,Proposed Kairos 04 Arrow trace mapping; Kairos 21 calibration,categorical_or_structured,explicit observed-data missingness metadata and mapping policy; numeric leaves declare units if present,hardened_v1,calibration/validation/experiment profiles; not required for functional MVP,identity_only_no_value_or_distribution_asserted,,,,,,,,,,,,,,,,,,
ed.measurementmapping.censoring,measurement_mapping,observations.censoring,Proposed Kairos 04 Arrow trace mapping; Kairos 21 calibration,categorical_or_structured,explicit observed-trace censoring semantics and mapping; numeric leaves declare units if present,hardened_v1,calibration/validation/experiment profiles; not required for functional MVP,identity_only_no_value_or_distribution_asserted,,,,,,,,,,,,,,,,,,
